{"cameraMode":{"drawMode":0,"name":"Shaded","section":"Shading Mode"},"sceneLighting":false,"audioPlay":false,"sceneViewState":{"showFog":true,"showMaterialUpdate":false,"showSkybox":false,"showFlares":true,"showImageEffects":true,"showParticleSystems":true},"in2DMode":false,"pivot":{"x":8.279999732971192,"y":2.8399999141693117,"z":-16.59000015258789},"rotation":{"x":0.3384142220020294,"y":-0.3651049733161926,"z":0.14448484778404237,"w":0.8551954030990601},"size":1.2247449159622193,"orthographic":false}