{"cameraMode":{"drawMode":0,"name":"Shaded","section":"Shading Mode"},"sceneLighting":true,"audioPlay":false,"sceneViewState":{"showFog":true,"showMaterialUpdate":false,"showSkybox":true,"showFlares":true,"showImageEffects":true,"showParticleSystems":true},"in2DMode":false,"pivot":{"x":14.335990905761719,"y":-12.12906265258789,"z":10.979053497314454},"rotation":{"x":0.31095486879348757,"y":0.18795226514339448,"z":-0.06285364180803299,"w":0.9295691847801209},"size":27.328327178955079,"orthographic":false}