{"cameraMode":{"drawMode":0,"name":"Shaded","section":"Shading Mode"},"sceneLighting":true,"audioPlay":false,"sceneViewState":{"showFog":true,"showMaterialUpdate":false,"showSkybox":true,"showFlares":true,"showImageEffects":true,"showParticleSystems":true},"in2DMode":false,"pivot":{"x":7.855892181396484,"y":1.2249946594238282,"z":22.456790924072267},"rotation":{"x":-0.3338497579097748,"y":0.5149611830711365,"z":-0.22742080688476563,"w":-0.7561318874359131},"size":29.13825225830078,"orthographic":false}